package_name,products,price,descuento,snippet
VIP,12,220.000.000,51% de descuento,"DISPLAY NAL
1’678.086
Impresiones
12 PRODUCTOS
VIP
PAQUETES POR CATEGORIAS
PUSH
MULTIMEDIA
5001 a 10000 clics
Segmentado
13.034 clics
NATIVE
1’627.148
Impresiones
REVISTA 15
MINUTOS
(1 página +
Free press)
$ 220.000.000
MENCION
COMERCIAL
15 de 20”
RED TV / RED+ Not
RRSS Post -
video
Instagram +
Facebook con
data
347.109
Impresiones
+ impuestos
$ 107’892.900 (Preventa)
51% de descuento
DATA
REWARDS
(Incluye paquete de
datos)
13.333
Views
SHOPPING
LIVE
COMERCIALES
110 DE 10”
Red+ TV / RED+ Not
SMS
Segmentado
1.000 a 100.000
21.823 envíos
Post +
Historia
Contenido
orgánico
Contenido
Portal
RRSS +
Display +
Native"
EDITORIAL RED+,7,123.000.000,39% de descuento,"EDITORIAL RED+
PAQUETES POR CATEGORIAS
PUSH
MULTIMEDIA
5001 a 10000 clics
Segmentado
10.000 CLICS
7 PRODUCTOS
PATROCINIO
DE SECCIÓN
RED+ / RED+ Not
14 DE 10” en TV
DATA REWARDS
(Incluye paquete de
datos)
4.834 VIEWS
$ 123.000.000
+ impuestos
$ 75’000.000 (Preventa)
39% de descuento
MENCIONES
COMERCIALES
RED+ / RED+ Not
14 DE 20” en TV
COMERCIALES
RED+ / RED+ Not
55 DE 10” en TV
REVISTA 15
MINUTOS
(1/2 página)
Post
Contenido
orgánico"
SMART,7,55.000.000,27% de descuento,"7 PRODUCTOS
SMART
PAQUETES POR CATEGORIAS
$ 55.000.000 $ 40’000.000 (Preventa)
27% de descuento
PUSH
MULTIMEDIA
+10000 clics
Segmentado
14.893 Clics
COMERCIALES
RED+ / RED+ Not
55 DE 10” en TV
REVISTA 15
MINUTOS
(1 página)
ALTO
IMPACTO
3.000 unidades
DISPLAY NAL
1’174.660
Impresiones
RRSS Post
Contenido
orgánico
SMS
Segmentado
1.000 a 100.000
19.204 envíos
+ impuestos"
BASIC,6,20.048.500,27% de descuento,"BASIC
PAQUETES POR CATEGORIAS
6 PRODUCTOS
$ 20.048.500 $ 17’000.000 (Preventa)
27% de descuento
+ impuestos
PUSH
MULTIMEDIA
1500 - 5000 clics
Segmentado
3.717 Clics
COMERCIALES
RED+ / RED+ Not
20 DE 10” en TV
REVISTA 15
MINUTOS
(1/3 página)
DISPLAY NAL
423.297
Impresiones
NATIVE
701.708
Impresiones
RRSS
HISTORIA
Contenido
orgánico"